time,velocity-x,velocity-y,angle,x,y
0,9.66,2.59,0.26,0.0,0.0
0.05,9.66,2.1,0.21,0.48,0.12
0.1,9.66,1.61,0.16,0.97,0.21
0.15,9.66,1.12,0.12,1.45,0.28
0.2,9.66,0.63,0.06,1.93,0.32
0.25,9.66,0.14,0.01,2.41,0.34
0.3,9.66,-0.35,-0.04,2.9,0.34
0.35,9.66,-0.84,-0.09,3.38,0.31
0.4,9.66,-1.33,-0.14,3.86,0.25
0.45,9.66,-1.82,-0.19,4.35,0.17
0.5,9.66,-2.32,-0.24,4.83,0.07
0.55,9.66,-2.81,-0.28,5.31,-0.06
0,8.66,5.0,0.52,0.0,0.0
0.05,8.66,4.51,0.48,0.43,0.24
0.1,8.66,4.02,0.43,0.87,0.45
0.15,8.66,3.53,0.39,1.3,0.64
0.2,8.66,3.04,0.34,1.73,0.8
0.25,8.66,2.55,0.29,2.17,0.94
0.3,8.66,2.06,0.23,2.6,1.06
0.35,8.66,1.57,0.18,3.03,1.15
0.4,8.66,1.08,0.12,3.46,1.22
0.45,8.66,0.59,0.07,3.9,1.26
0.5,8.66,0.1,0.01,4.33,1.27
0.55,8.66,-0.39,-0.05,4.76,1.27
0.6,8.66,-0.88,-0.1,5.2,1.23
0.65,8.66,-1.37,-0.16,5.63,1.18
0.7,8.66,-1.86,-0.21,6.06,1.1
0.75,8.66,-2.35,-0.27,6.5,0.99
0.8,8.66,-2.85,-0.32,6.93,0.86
0.85,8.66,-3.34,-0.37,7.36,0.71
0.9,8.66,-3.83,-0.42,7.79,0.53
0.95,8.66,-4.32,-0.46,8.23,0.32
1.0,8.66,-4.81,-0.51,8.66,0.1
1.05,8.66,-5.3,-0.55,9.09,-0.16
0,7.07,7.07,0.79,0.0,0.0
0.05,7.07,6.58,0.75,0.35,0.34
0.1,7.07,6.09,0.71,0.71,0.66
0.15,7.07,5.6,0.67,1.06,0.95
0.2,7.07,5.11,0.63,1.41,1.22
0.25,7.07,4.62,0.58,1.77,1.46
0.3,7.07,4.13,0.53,2.12,1.68
0.35,7.07,3.64,0.48,2.47,1.87
0.4,7.07,3.15,0.42,2.83,2.04
0.45,7.07,2.66,0.36,3.18,2.19
0.5,7.07,2.17,0.3,3.54,2.31
0.55,7.07,1.68,0.23,3.89,2.41
0.6,7.07,1.19,0.17,4.24,2.48
0.65,7.07,0.7,0.1,4.6,2.52
0.7,7.07,0.21,0.03,4.95,2.55
0.75,7.07,-0.28,-0.04,5.3,2.55
0.8,7.07,-0.77,-0.11,5.66,2.52
0.85,7.07,-1.26,-0.18,6.01,2.47
0.9,7.07,-1.75,-0.24,6.36,2.39
0.95,7.07,-2.25,-0.31,6.72,2.29
1.0,7.07,-2.74,-0.37,7.07,2.17
1.05,7.07,-3.23,-0.43,7.42,2.02
1.1,7.07,-3.72,-0.48,7.78,1.85
1.15,7.07,-4.21,-0.54,8.13,1.65
1.2,7.07,-4.7,-0.59,8.49,1.42
1.25,7.07,-5.19,-0.63,8.84,1.18
1.3,7.07,-5.68,-0.68,9.19,0.91
1.35,7.07,-6.17,-0.72,9.55,0.61
1.4,7.07,-6.66,-0.76,9.9,0.29
1.45,7.07,-7.15,-0.79,10.25,-0.06
0,5.0,8.66,1.05,0.0,0.0
0.05,5.0,8.17,1.02,0.25,0.42
0.1,5.0,7.68,0.99,0.5,0.82
0.15,5.0,7.19,0.96,0.75,1.19
0.2,5.0,6.7,0.93,1.0,1.54
0.25,5.0,6.21,0.89,1.25,1.86
0.3,5.0,5.72,0.85,1.5,2.16
0.35,5.0,5.23,0.81,1.75,2.43
0.4,5.0,4.74,0.76,2.0,2.68
0.45,5.0,4.25,0.7,2.25,2.9
0.5,5.0,3.76,0.64,2.5,3.1
0.55,5.0,3.27,0.58,2.75,3.28
0.6,5.0,2.78,0.51,3.0,3.43
0.65,5.0,2.29,0.43,3.25,3.56
0.7,5.0,1.8,0.34,3.5,3.66
0.75,5.0,1.31,0.26,3.75,3.74
0.8,5.0,0.81,0.16,4.0,3.79
0.85,5.0,0.32,0.06,4.25,3.82
0.9,5.0,-0.17,-0.03,4.5,3.82
0.95,5.0,-0.66,-0.13,4.75,3.8
1.0,5.0,-1.15,-0.23,5.0,3.76
1.05,5.0,-1.64,-0.32,5.25,3.69
1.1,5.0,-2.13,-0.4,5.5,3.59
1.15,5.0,-2.62,-0.48,5.75,3.47
1.2,5.0,-3.11,-0.56,6.0,3.33
1.25,5.0,-3.6,-0.62,6.25,3.16
1.3,5.0,-4.09,-0.69,6.5,2.97
1.35,5.0,-4.58,-0.74,6.75,2.76
1.4,5.0,-5.07,-0.79,7.0,2.51
1.45,5.0,-5.56,-0.84,7.25,2.25
1.5,5.0,-6.05,-0.88,7.5,1.96
1.55,5.0,-6.54,-0.92,7.75,1.64
1.6,5.0,-7.03,-0.95,8.0,1.3
1.65,5.0,-7.52,-0.98,8.25,0.94
1.7,5.0,-8.01,-1.01,8.5,0.55
1.75,5.0,-8.5,-1.04,8.75,0.14
1.8,5.0,-8.99,-1.06,9.0,-0.3
0,19.32,5.18,0.26,0.0,0.0
0.05,19.32,4.69,0.24,0.97,0.25
0.1,19.32,4.2,0.21,1.93,0.47
0.15,19.32,3.71,0.19,2.9,0.67
0.2,19.32,3.22,0.16,3.86,0.84
0.25,19.32,2.72,0.14,4.83,0.99
0.3,19.32,2.23,0.12,5.8,1.11
0.35,19.32,1.74,0.09,6.76,1.21
0.4,19.32,1.25,0.06,7.73,1.29
0.45,19.32,0.76,0.04,8.69,1.34
0.5,19.32,0.27,0.01,9.66,1.36
0.55,19.32,-0.22,-0.01,10.63,1.36
0.6,19.32,-0.71,-0.04,11.59,1.34
0.65,19.32,-1.2,-0.06,12.56,1.29
0.7,19.32,-1.69,-0.09,13.52,1.22
0.75,19.32,-2.18,-0.11,14.49,1.12
0.8,19.32,-2.67,-0.14,15.45,1.0
0.85,19.32,-3.16,-0.16,16.42,0.86
0.9,19.32,-3.65,-0.19,17.39,0.69
0.95,19.32,-4.14,-0.21,18.35,0.49
1.0,19.32,-4.63,-0.24,19.32,0.27
1.05,19.32,-5.12,-0.26,20.28,0.03
1.1,19.32,-5.61,-0.28,21.25,-0.24
0,17.32,10.0,0.52,0.0,0.0
0.05,17.32,9.51,0.5,0.87,0.49
0.1,17.32,9.02,0.48,1.73,0.95
0.15,17.32,8.53,0.46,2.6,1.39
0.2,17.32,8.04,0.43,3.46,1.8
0.25,17.32,7.55,0.41,4.33,2.19
0.3,17.32,7.06,0.39,5.2,2.56
0.35,17.32,6.57,0.36,6.06,2.9
0.4,17.32,6.08,0.34,6.93,3.22
0.45,17.32,5.59,0.31,7.79,3.51
0.5,17.32,5.1,0.29,8.66,3.77
0.55,17.32,4.61,0.26,9.53,4.02
0.6,17.32,4.12,0.23,10.39,4.23
0.65,17.32,3.63,0.21,11.26,4.43
0.7,17.32,3.14,0.18,12.12,4.6
0.75,17.32,2.65,0.15,12.99,4.74
0.8,17.32,2.15,0.12,13.86,4.86
0.85,17.32,1.66,0.1,14.72,4.96
0.9,17.32,1.17,0.07,15.59,5.03
0.95,17.32,0.68,0.04,16.45,5.07
1.0,17.32,0.19,0.01,17.32,5.1
1.05,17.32,-0.3,-0.02,18.19,5.09
1.1,17.32,-0.79,-0.05,19.05,5.07
1.15,17.32,-1.28,-0.07,19.92,5.02
1.2,17.32,-1.77,-0.1,20.78,4.94
1.25,17.32,-2.26,-0.13,21.65,4.84
1.3,17.32,-2.75,-0.16,22.52,4.71
1.35,17.32,-3.24,-0.18,23.38,4.56
1.4,17.32,-3.73,-0.21,24.25,4.39
1.45,17.32,-4.22,-0.24,25.11,4.19
1.5,17.32,-4.71,-0.27,25.98,3.97
1.55,17.32,-5.2,-0.29,26.85,3.72
1.6,17.32,-5.69,-0.32,27.71,3.45
1.65,17.32,-6.18,-0.34,28.58,3.15
1.7,17.32,-6.67,-0.37,29.44,2.83
1.75,17.32,-7.16,-0.39,30.31,2.48
1.8,17.32,-7.65,-0.42,31.18,2.11
1.85,17.32,-8.14,-0.44,32.04,1.72
1.9,17.32,-8.63,-0.46,32.91,1.3
1.95,17.32,-9.12,-0.48,33.77,0.86
2.0,17.32,-9.61,-0.51,34.64,0.39
2.05,17.32,-10.1,-0.53,35.51,-0.11
0,14.14,14.14,0.79,0.0,0.0
0.05,14.14,13.65,0.77,0.71,0.69
0.1,14.14,13.16,0.75,1.41,1.37
0.15,14.14,12.67,0.73,2.12,2.01
0.2,14.14,12.18,0.71,2.83,2.63
0.25,14.14,11.69,0.69,3.54,3.23
0.3,14.14,11.2,0.67,4.24,3.8
0.35,14.14,10.71,0.65,4.95,4.35
0.4,14.14,10.22,0.63,5.66,4.87
0.45,14.14,9.73,0.6,6.36,5.37
0.5,14.14,9.24,0.58,7.07,5.85
0.55,14.14,8.75,0.55,7.78,6.29
0.6,14.14,8.26,0.53,8.49,6.72
0.65,14.14,7.77,0.5,9.19,7.12
0.7,14.14,7.28,0.48,9.9,7.5
0.75,14.14,6.79,0.45,10.61,7.85
0.8,14.14,6.3,0.42,11.31,8.18
0.85,14.14,5.81,0.39,12.02,8.48
0.9,14.14,5.32,0.36,12.73,8.76
0.95,14.14,4.83,0.33,13.44,9.01
1.0,14.14,4.34,0.3,14.14,9.24
1.05,14.14,3.85,0.27,14.85,9.44
1.1,14.14,3.35,0.23,15.56,9.62
1.15,14.14,2.86,0.2,16.26,9.78
1.2,14.14,2.37,0.17,16.97,9.91
1.25,14.14,1.88,0.13,17.68,10.02
1.3,14.14,1.39,0.1,18.38,10.1
1.35,14.14,0.9,0.06,19.09,10.16
1.4,14.14,0.41,0.03,19.8,10.19
1.45,14.14,-0.08,-0.01,20.51,10.2
1.5,14.14,-0.57,-0.04,21.21,10.18
1.55,14.14,-1.06,-0.07,21.92,10.14
1.6,14.14,-1.55,-0.11,22.63,10.07
1.65,14.14,-2.04,-0.14,23.33,9.99
1.7,14.14,-2.53,-0.18,24.04,9.87
1.75,14.14,-3.02,-0.21,24.75,9.73
1.8,14.14,-3.51,-0.24,25.46,9.57
1.85,14.14,-4.0,-0.28,26.16,9.38
1.9,14.14,-4.49,-0.31,26.87,9.17
1.95,14.14,-4.98,-0.34,27.58,8.93
2.0,14.14,-5.47,-0.37,28.28,8.67
2.05,14.14,-5.96,-0.4,28.99,8.39
2.1,14.14,-6.45,-0.43,29.7,8.07
2.15,14.14,-6.94,-0.46,30.41,7.74
2.2,14.14,-7.43,-0.48,31.11,7.38
2.25,14.14,-7.92,-0.51,31.82,7.0
2.3,14.14,-8.41,-0.54,32.53,6.59
2.35,14.14,-8.9,-0.56,33.23,6.16
2.4,14.14,-9.39,-0.59,33.94,5.7
2.45,14.14,-9.88,-0.61,34.65,5.22
2.5,14.14,-10.37,-0.63,35.36,4.71
2.55,14.14,-10.86,-0.66,36.06,4.18
2.6,14.14,-11.36,-0.68,36.77,3.62
2.65,14.14,-11.85,-0.7,37.48,3.04
2.7,14.14,-12.34,-0.72,38.18,2.44
2.75,14.14,-12.83,-0.74,38.89,1.81
2.8,14.14,-13.32,-0.76,39.6,1.16
2.85,14.14,-13.81,-0.77,40.31,0.48
2.9,14.14,-14.3,-0.79,41.01,-0.22
0,10.0,17.32,1.05,0.0,0.0
0.05,10.0,16.83,1.03,0.5,0.85
0.1,10.0,16.34,1.02,1.0,1.68
0.15,10.0,15.85,1.01,1.5,2.49
0.2,10.0,15.36,0.99,2.0,3.27
0.25,10.0,14.87,0.98,2.5,4.02
0.3,10.0,14.38,0.96,3.0,4.75
0.35,10.0,13.89,0.95,3.5,5.46
0.4,10.0,13.4,0.93,4.0,6.14
0.45,10.0,12.91,0.91,4.5,6.8
0.5,10.0,12.42,0.89,5.0,7.43
0.55,10.0,11.93,0.87,5.5,8.04
0.6,10.0,11.44,0.85,6.0,8.63
0.65,10.0,10.95,0.83,6.5,9.19
0.7,10.0,10.46,0.81,7.0,9.72
0.75,10.0,9.97,0.78,7.5,10.23
0.8,10.0,9.48,0.76,8.0,10.72
0.85,10.0,8.98,0.73,8.5,11.18
0.9,10.0,8.49,0.7,9.0,11.62
0.95,10.0,8.0,0.67,9.5,12.03
1.0,10.0,7.51,0.64,10.0,12.42
1.05,10.0,7.02,0.61,10.5,12.78
1.1,10.0,6.53,0.58,11.0,13.12
1.15,10.0,6.04,0.54,11.5,13.43
1.2,10.0,5.55,0.51,12.0,13.72
1.25,10.0,5.06,0.47,12.5,13.99
1.3,10.0,4.57,0.43,13.0,14.23
1.35,10.0,4.08,0.39,13.5,14.45
1.4,10.0,3.59,0.34,14.0,14.64
1.45,10.0,3.1,0.3,14.5,14.81
1.5,10.0,2.61,0.26,15.0,14.95
1.55,10.0,2.12,0.21,15.5,15.07
1.6,10.0,1.63,0.16,16.0,15.16
1.65,10.0,1.14,0.11,16.5,15.23
1.7,10.0,0.65,0.06,17.0,15.27
1.75,10.0,0.16,0.02,17.5,15.29
1.8,10.0,-0.33,-0.03,18.0,15.29
1.85,10.0,-0.82,-0.08,18.5,15.26
1.9,10.0,-1.31,-0.13,19.0,15.21
1.95,10.0,-1.8,-0.18,19.5,15.13
2.0,10.0,-2.29,-0.23,20.0,15.03
2.05,10.0,-2.78,-0.27,20.5,14.9
2.1,10.0,-3.27,-0.32,21.0,14.75
2.15,10.0,-3.76,-0.36,21.5,14.57
2.2,10.0,-4.25,-0.4,22.0,14.37
2.25,10.0,-4.74,-0.44,22.5,14.15
2.3,10.0,-5.23,-0.48,23.0,13.9
2.35,10.0,-5.73,-0.52,23.5,13.62
2.4,10.0,-6.22,-0.56,24.0,13.33
2.45,10.0,-6.71,-0.59,24.5,13.0
2.5,10.0,-7.2,-0.62,25.0,12.66
2.55,10.0,-7.69,-0.66,25.5,12.28
2.6,10.0,-8.18,-0.69,26.0,11.89
2.65,10.0,-8.67,-0.71,26.5,11.47
2.7,10.0,-9.16,-0.74,27.0,11.02
2.75,10.0,-9.65,-0.77,27.5,10.55
2.8,10.0,-10.14,-0.79,28.0,10.06
2.85,10.0,-10.63,-0.82,28.5,9.54
2.9,10.0,-11.12,-0.84,29.0,8.99
2.95,10.0,-11.61,-0.86,29.5,8.42
3.0,10.0,-12.1,-0.88,30.0,7.83
3.05,10.0,-12.59,-0.9,30.5,7.21
3.1,10.0,-13.08,-0.92,31.0,6.57
3.15,10.0,-13.57,-0.94,31.5,5.91
3.2,10.0,-14.06,-0.95,32.0,5.22
3.25,10.0,-14.55,-0.97,32.5,4.5
3.3,10.0,-15.04,-0.98,33.0,3.76
3.35,10.0,-15.53,-1.0,33.5,3.0
3.4,10.0,-16.02,-1.01,34.0,2.21
3.45,10.0,-16.51,-1.03,34.5,1.39
3.5,10.0,-17.0,-1.04,35.0,0.56
3.55,10.0,-17.49,-1.05,35.5,-0.31
0,28.98,7.76,0.26,0.0,0.0
0.05,28.98,7.27,0.25,1.45,0.38
0.1,28.98,6.78,0.23,2.9,0.73
0.15,28.98,6.29,0.21,4.35,1.05
0.2,28.98,5.8,0.2,5.8,1.36
0.25,28.98,5.31,0.18,7.24,1.63
0.3,28.98,4.82,0.16,8.69,1.89
0.35,28.98,4.33,0.15,10.14,2.12
0.4,28.98,3.84,0.13,11.59,2.32
0.45,28.98,3.35,0.12,13.04,2.5
0.5,28.98,2.86,0.1,14.49,2.66
0.55,28.98,2.37,0.08,15.94,2.79
0.6,28.98,1.88,0.06,17.39,2.89
0.65,28.98,1.39,0.05,18.84,2.98
0.7,28.98,0.9,0.03,20.28,3.03
0.75,28.98,0.41,0.01,21.73,3.07
0.8,28.98,-0.08,-0.0,23.18,3.07
0.85,28.98,-0.57,-0.02,24.63,3.06
0.9,28.98,-1.06,-0.04,26.08,3.02
0.95,28.98,-1.55,-0.05,27.53,2.95
1.0,28.98,-2.04,-0.07,28.98,2.86
1.05,28.98,-2.53,-0.09,30.43,2.75
1.1,28.98,-3.02,-0.1,31.88,2.61
1.15,28.98,-3.51,-0.12,33.32,2.44
1.2,28.98,-4.0,-0.14,34.77,2.26
1.25,28.98,-4.49,-0.15,36.22,2.04
1.3,28.98,-4.98,-0.17,37.67,1.81
1.35,28.98,-5.47,-0.19,39.12,1.55
1.4,28.98,-5.96,-0.2,40.57,1.26
1.45,28.98,-6.46,-0.22,42.02,0.95
1.5,28.98,-6.95,-0.24,43.47,0.61
1.55,28.98,-7.44,-0.25,44.92,0.25
1.6,28.98,-7.93,-0.27,46.36,-0.13
0,25.98,15.0,0.52,0.0,0.0
0.05,25.98,14.51,0.51,1.3,0.74
0.1,25.98,14.02,0.49,2.6,1.45
0.15,25.98,13.53,0.48,3.9,2.14
0.2,25.98,13.04,0.47,5.2,2.8
0.25,25.98,12.55,0.45,6.5,3.44
0.3,25.98,12.06,0.43,7.79,4.06
0.35,25.98,11.57,0.42,9.09,4.65
0.4,25.98,11.08,0.4,10.39,5.22
0.45,25.98,10.59,0.39,11.69,5.76
0.5,25.98,10.1,0.37,12.99,6.27
0.55,25.98,9.61,0.35,14.29,6.77
0.6,25.98,9.12,0.34,15.59,7.23
0.65,25.98,8.63,0.32,16.89,7.68
0.7,25.98,8.14,0.3,18.19,8.1
0.75,25.98,7.65,0.29,19.49,8.49
0.8,25.98,7.15,0.27,20.78,8.86
0.85,25.98,6.66,0.25,22.08,9.21
0.9,25.98,6.17,0.23,23.38,9.53
0.95,25.98,5.68,0.22,24.68,9.82
1.0,25.98,5.19,0.2,25.98,10.1
1.05,25.98,4.7,0.18,27.28,10.34
1.1,25.98,4.21,0.16,28.58,10.57
1.15,25.98,3.72,0.14,29.88,10.77
1.2,25.98,3.23,0.12,31.18,10.94
1.25,25.98,2.74,0.11,32.48,11.09
1.3,25.98,2.25,0.09,33.77,11.21
1.35,25.98,1.76,0.07,35.07,11.31
1.4,25.98,1.27,0.05,36.37,11.39
1.45,25.98,0.78,0.03,37.67,11.44
1.5,25.98,0.29,0.01,38.97,11.47
1.55,25.98,-0.2,-0.01,40.27,11.47
1.6,25.98,-0.69,-0.03,41.57,11.45
1.65,25.98,-1.18,-0.05,42.87,11.4
1.7,25.98,-1.67,-0.06,44.17,11.33
1.75,25.98,-2.16,-0.08,45.47,11.23
1.8,25.98,-2.65,-0.1,46.77,11.11
1.85,25.98,-3.14,-0.12,48.06,10.97
1.9,25.98,-3.63,-0.14,49.36,10.8
1.95,25.98,-4.12,-0.16,50.66,10.61
2.0,25.98,-4.61,-0.18,51.96,10.39
2.05,25.98,-5.1,-0.19,53.26,10.14
2.1,25.98,-5.59,-0.21,54.56,9.88
2.15,25.98,-6.08,-0.23,55.86,9.58
2.2,25.98,-6.57,-0.25,57.16,9.27
2.25,25.98,-7.06,-0.27,58.46,8.93
2.3,25.98,-7.56,-0.28,59.76,8.56
2.35,25.98,-8.05,-0.3,61.05,8.17
2.4,25.98,-8.54,-0.32,62.35,7.76
2.45,25.98,-9.03,-0.33,63.65,7.32
2.5,25.98,-9.52,-0.35,64.95,6.85
2.55,25.98,-10.01,-0.37,66.25,6.37
2.6,25.98,-10.5,-0.38,67.55,5.85
2.65,25.98,-10.99,-0.4,68.85,5.32
2.7,25.98,-11.48,-0.42,70.15,4.75
2.75,25.98,-11.97,-0.43,71.45,4.17
2.8,25.98,-12.46,-0.45,72.75,3.56
2.85,25.98,-12.95,-0.46,74.05,2.92
2.9,25.98,-13.44,-0.48,75.34,2.26
2.95,25.98,-13.93,-0.49,76.64,1.58
3.0,25.98,-14.42,-0.51,77.94,0.87
3.05,25.98,-14.91,-0.52,79.24,0.14
3.1,25.98,-15.4,-0.54,80.54,-0.62
0,21.21,21.21,0.79,0.0,0.0
0.05,21.21,20.72,0.77,1.06,1.05
0.1,21.21,20.23,0.76,2.12,2.07
0.15,21.21,19.74,0.75,3.18,3.07
0.2,21.21,19.25,0.74,4.24,4.05
0.25,21.21,18.76,0.72,5.3,5.0
0.3,21.21,18.27,0.71,6.36,5.92
0.35,21.21,17.78,0.7,7.42,6.82
0.4,21.21,17.29,0.68,8.49,7.7
0.45,21.21,16.8,0.67,9.55,8.55
0.5,21.21,16.31,0.66,10.61,9.38
0.55,21.21,15.82,0.64,11.67,10.18
0.6,21.21,15.33,0.63,12.73,10.96
0.65,21.21,14.84,0.61,13.79,11.72
0.7,21.21,14.35,0.59,14.85,12.45
0.75,21.21,13.86,0.58,15.91,13.15
0.8,21.21,13.37,0.56,16.97,13.83
0.85,21.21,12.88,0.55,18.03,14.49
0.9,21.21,12.39,0.53,19.09,15.12
0.95,21.21,11.9,0.51,20.15,15.73
1.0,21.21,11.41,0.49,21.21,16.31
1.05,21.21,10.92,0.48,22.27,16.87
1.1,21.21,10.43,0.46,23.33,17.4
1.15,21.21,9.94,0.44,24.4,17.91
1.2,21.21,9.45,0.42,25.46,18.4
1.25,21.21,8.95,0.4,26.52,18.86
1.3,21.21,8.46,0.38,27.58,19.29
1.35,21.21,7.97,0.36,28.64,19.7
1.4,21.21,7.48,0.34,29.7,20.09
1.45,21.21,6.99,0.32,30.76,20.45
1.5,21.21,6.5,0.3,31.82,20.79
1.55,21.21,6.01,0.28,32.88,21.1
1.6,21.21,5.52,0.25,33.94,21.39
1.65,21.21,5.03,0.23,35.0,21.65
1.7,21.21,4.54,0.21,36.06,21.89
1.75,21.21,4.05,0.19,37.12,22.11
1.8,21.21,3.56,0.17,38.18,22.3
1.85,21.21,3.07,0.14,39.24,22.46
1.9,21.21,2.58,0.12,40.31,22.6
1.95,21.21,2.09,0.1,41.37,22.72
2.0,21.21,1.6,0.08,42.43,22.81
2.05,21.21,1.11,0.05,43.49,22.88
2.1,21.21,0.62,0.03,44.55,22.92
2.15,21.21,0.13,0.01,45.61,22.94
2.2,21.21,-0.36,-0.02,46.67,22.94
2.25,21.21,-0.85,-0.04,47.73,22.91
2.3,21.21,-1.34,-0.06,48.79,22.85
2.35,21.21,-1.83,-0.09,49.85,22.77
2.4,21.21,-2.32,-0.11,50.91,22.67
2.45,21.21,-2.81,-0.13,51.97,22.54
2.5,21.21,-3.3,-0.15,53.03,22.39
2.55,21.21,-3.79,-0.18,54.09,22.21
2.6,21.21,-4.28,-0.2,55.15,22.01
2.65,21.21,-4.77,-0.22,56.21,21.78
2.7,21.21,-5.26,-0.24,57.28,21.53
2.75,21.21,-5.76,-0.26,58.34,21.25
2.8,21.21,-6.25,-0.29,59.4,20.95
2.85,21.21,-6.74,-0.31,60.46,20.63
2.9,21.21,-7.23,-0.33,61.52,20.28
2.95,21.21,-7.72,-0.35,62.58,19.91
3.0,21.21,-8.21,-0.37,63.64,19.51
3.05,21.21,-8.7,-0.39,64.7,19.09
3.1,21.21,-9.19,-0.41,65.76,18.64
3.15,21.21,-9.68,-0.43,66.82,18.17
3.2,21.21,-10.17,-0.45,67.88,17.67
3.25,21.21,-10.66,-0.47,68.94,17.15
3.3,21.21,-11.15,-0.48,70.0,16.61
3.35,21.21,-11.64,-0.5,71.06,16.04
3.4,21.21,-12.13,-0.52,72.12,15.44
3.45,21.21,-12.62,-0.54,73.19,14.82
3.5,21.21,-13.11,-0.55,74.25,14.18
3.55,21.21,-13.6,-0.57,75.31,13.51
3.6,21.21,-14.09,-0.59,76.37,12.82
3.65,21.21,-14.58,-0.6,77.43,12.1
3.7,21.21,-15.07,-0.62,78.49,11.36
3.75,21.21,-15.56,-0.63,79.55,10.6
3.8,21.21,-16.05,-0.65,80.61,9.81
3.85,21.21,-16.54,-0.66,81.67,8.99
3.9,21.21,-17.03,-0.68,82.73,8.15
3.95,21.21,-17.52,-0.69,83.79,7.29
4.0,21.21,-18.01,-0.7,84.85,6.4
4.05,21.21,-18.5,-0.72,85.91,5.49
4.1,21.21,-18.99,-0.73,86.97,4.55
4.15,21.21,-19.48,-0.74,88.03,3.59
4.2,21.21,-19.97,-0.76,89.1,2.6
4.25,21.21,-20.47,-0.77,90.16,1.59
4.3,21.21,-20.96,-0.78,91.22,0.55
4.35,21.21,-21.45,-0.79,92.28,-0.51
0,15.0,25.98,1.05,0.0,0.0
0.05,15.0,25.49,1.04,0.75,1.29
0.1,15.0,25.0,1.03,1.5,2.55
0.15,15.0,24.51,1.02,2.25,3.79
0.2,15.0,24.02,1.01,3.0,5.0
0.25,15.0,23.53,1.0,3.75,6.19
0.3,15.0,23.04,0.99,4.5,7.35
0.35,15.0,22.55,0.98,5.25,8.49
0.4,15.0,22.06,0.97,6.0,9.61
0.45,15.0,21.57,0.96,6.75,10.7
0.5,15.0,21.08,0.95,7.5,11.76
0.55,15.0,20.59,0.94,8.25,12.81
0.6,15.0,20.1,0.93,9.0,13.82
0.65,15.0,19.61,0.92,9.75,14.82
0.7,15.0,19.12,0.91,10.5,15.78
0.75,15.0,18.63,0.89,11.25,16.73
0.8,15.0,18.14,0.88,12.0,17.65
0.85,15.0,17.65,0.87,12.75,18.54
0.9,15.0,17.15,0.85,13.5,19.41
0.95,15.0,16.66,0.84,14.25,20.26
1.0,15.0,16.17,0.82,15.0,21.08
1.05,15.0,15.68,0.81,15.75,21.87
1.1,15.0,15.19,0.79,16.5,22.65
1.15,15.0,14.7,0.78,17.25,23.39
1.2,15.0,14.21,0.76,18.0,24.12
1.25,15.0,13.72,0.74,18.75,24.81
1.3,15.0,13.23,0.72,19.5,25.49
1.35,15.0,12.74,0.7,20.25,26.14
1.4,15.0,12.25,0.68,21.0,26.76
1.45,15.0,11.76,0.66,21.75,27.36
1.5,15.0,11.27,0.64,22.5,27.94
1.55,15.0,10.78,0.62,23.25,28.49
1.6,15.0,10.29,0.6,24.0,29.02
1.65,15.0,9.8,0.58,24.75,29.52
1.7,15.0,9.31,0.56,25.5,30.0
1.75,15.0,8.82,0.53,26.25,30.45
1.8,15.0,8.33,0.51,27.0,30.88
1.85,15.0,7.84,0.48,27.75,31.28
1.9,15.0,7.35,0.46,28.5,31.66
1.95,15.0,6.86,0.43,29.25,32.02
2.0,15.0,6.37,0.4,30.0,32.35
2.05,15.0,5.88,0.37,30.75,32.65
2.1,15.0,5.39,0.34,31.5,32.94
2.15,15.0,4.9,0.32,32.25,33.19
2.2,15.0,4.41,0.29,33.0,33.43
2.25,15.0,3.92,0.26,33.75,33.63
2.3,15.0,3.43,0.22,34.5,33.82
2.35,15.0,2.94,0.19,35.25,33.98
2.4,15.0,2.44,0.16,36.0,34.11
2.45,15.0,1.95,0.13,36.75,34.22
2.5,15.0,1.46,0.1,37.5,34.31
2.55,15.0,0.97,0.06,38.25,34.37
2.6,15.0,0.48,0.03,39.0,34.4
2.65,15.0,-0.01,-0.0,39.75,34.42
2.7,15.0,-0.5,-0.03,40.5,34.4
2.75,15.0,-0.99,-0.07,41.25,34.37
2.8,15.0,-1.48,-0.1,42.0,34.3
2.85,15.0,-1.97,-0.13,42.75,34.22
2.9,15.0,-2.46,-0.16,43.5,34.11
2.95,15.0,-2.95,-0.19,44.25,33.97
3.0,15.0,-3.44,-0.23,45.0,33.81
3.05,15.0,-3.93,-0.26,45.75,33.63
3.1,15.0,-4.42,-0.29,46.5,33.42
3.15,15.0,-4.91,-0.32,47.25,33.19
3.2,15.0,-5.4,-0.35,48.0,32.93
3.25,15.0,-5.89,-0.37,48.75,32.65
3.3,15.0,-6.38,-0.4,49.5,32.34
3.35,15.0,-6.87,-0.43,50.25,32.01
3.4,15.0,-7.36,-0.46,51.0,31.65
3.45,15.0,-7.85,-0.48,51.75,31.27
3.5,15.0,-8.34,-0.51,52.5,30.87
3.55,15.0,-8.83,-0.53,53.25,30.44
3.6,15.0,-9.32,-0.56,54.0,29.98
3.65,15.0,-9.81,-0.58,54.75,29.51
3.7,15.0,-10.3,-0.6,55.5,29.0
3.75,15.0,-10.79,-0.62,56.25,28.47
3.8,15.0,-11.28,-0.64,57.0,27.92
3.85,15.0,-11.77,-0.67,57.75,27.35
3.9,15.0,-12.27,-0.69,58.5,26.75
3.95,15.0,-12.76,-0.7,59.25,26.12
4.0,15.0,-13.25,-0.72,60.0,25.47
4.05,15.0,-13.74,-0.74,60.75,24.8
4.1,15.0,-14.23,-0.76,61.5,24.1
4.15,15.0,-14.72,-0.78,62.25,23.37
4.2,15.0,-15.21,-0.79,63.0,22.62
4.25,15.0,-15.7,-0.81,63.75,21.85
4.3,15.0,-16.19,-0.82,64.5,21.05
4.35,15.0,-16.68,-0.84,65.25,20.23
4.4,15.0,-17.17,-0.85,66.0,19.39
4.45,15.0,-17.66,-0.87,66.75,18.52
4.5,15.0,-18.15,-0.88,67.5,17.62
4.55,15.0,-18.64,-0.89,68.25,16.7
4.6,15.0,-19.13,-0.91,69.0,15.76
4.65,15.0,-19.62,-0.92,69.75,14.79
4.7,15.0,-20.11,-0.93,70.5,13.8
4.75,15.0,-20.6,-0.94,71.25,12.78
4.8,15.0,-21.09,-0.95,72.0,11.74
4.85,15.0,-21.58,-0.96,72.75,10.67
4.9,15.0,-22.07,-0.97,73.5,9.58
4.95,15.0,-22.56,-0.98,74.25,8.46
5.0,15.0,-23.05,-0.99,75.0,7.32
5.05,15.0,-23.54,-1.0,75.75,6.16
5.1,15.0,-24.03,-1.01,76.5,4.97
5.15,15.0,-24.52,-1.02,77.25,3.75
5.2,15.0,-25.01,-1.03,78.0,2.51
5.25,15.0,-25.5,-1.04,78.75,1.25
5.3,15.0,-25.99,-1.05,79.5,-0.04
0,38.64,10.35,0.26,0.0,0.0
0.05,38.64,9.86,0.25,1.93,0.51
0.1,38.64,9.37,0.24,3.86,0.99
0.15,38.64,8.88,0.23,5.8,1.44
0.2,38.64,8.39,0.21,7.73,1.87
0.25,38.64,7.9,0.2,9.66,2.28
0.3,38.64,7.41,0.19,11.59,2.66
0.35,38.64,6.92,0.18,13.52,3.02
0.4,38.64,6.43,0.16,15.45,3.36
0.45,38.64,5.94,0.15,17.39,3.67
0.5,38.64,5.45,0.14,19.32,3.95
0.55,38.64,4.96,0.13,21.25,4.21
0.6,38.64,4.47,0.12,23.18,4.45
0.65,38.64,3.98,0.1,25.11,4.66
0.7,38.64,3.49,0.09,27.05,4.84
0.75,38.64,3.0,0.08,28.98,5.01
0.8,38.64,2.51,0.06,30.91,5.14
0.85,38.64,2.02,0.05,32.84,5.26
0.9,38.64,1.53,0.04,34.77,5.35
0.95,38.64,1.04,0.03,36.71,5.41
1.0,38.64,0.55,0.01,38.64,5.45
1.05,38.64,0.06,0.0,40.57,5.46
1.1,38.64,-0.43,-0.01,42.5,5.46
1.15,38.64,-0.92,-0.02,44.43,5.42
1.2,38.64,-1.42,-0.04,46.36,5.36
1.25,38.64,-1.91,-0.05,48.3,5.28
1.3,38.64,-2.4,-0.06,50.23,5.17
1.35,38.64,-2.89,-0.07,52.16,5.04
1.4,38.64,-3.38,-0.09,54.09,4.88
1.45,38.64,-3.87,-0.1,56.02,4.7
1.5,38.64,-4.36,-0.11,57.96,4.5
1.55,38.64,-4.85,-0.12,59.89,4.27
1.6,38.64,-5.34,-0.14,61.82,4.01
1.65,38.64,-5.83,-0.15,63.75,3.73
1.7,38.64,-6.32,-0.16,65.68,3.43
1.75,38.64,-6.81,-0.17,67.61,3.1
1.8,38.64,-7.3,-0.19,69.55,2.75
1.85,38.64,-7.79,-0.2,71.48,2.37
1.9,38.64,-8.28,-0.21,73.41,1.97
1.95,38.64,-8.77,-0.22,75.34,1.54
2.0,38.64,-9.26,-0.24,77.27,1.09
2.05,38.64,-9.75,-0.25,79.21,0.62
2.1,38.64,-10.24,-0.26,81.14,0.12
2.15,38.64,-10.73,-0.27,83.07,-0.41
0,34.64,20.0,0.52,0.0,0.0
0.05,34.64,19.51,0.51,1.73,0.99
0.1,34.64,19.02,0.5,3.46,1.95
0.15,34.64,18.53,0.49,5.2,2.89
0.2,34.64,18.04,0.48,6.93,3.8
0.25,34.64,17.55,0.47,8.66,4.69
0.3,34.64,17.06,0.46,10.39,5.56
0.35,34.64,16.57,0.45,12.12,6.4
0.4,34.64,16.08,0.43,13.86,7.22
0.45,34.64,15.59,0.42,15.59,8.01
0.5,34.64,15.1,0.41,17.32,8.77
0.55,34.64,14.61,0.4,19.05,9.52
0.6,34.64,14.12,0.39,20.78,10.23
0.65,34.64,13.63,0.37,22.52,10.93
0.7,34.64,13.14,0.36,24.25,11.6
0.75,34.64,12.65,0.35,25.98,12.24
0.8,34.64,12.15,0.34,27.71,12.86
0.85,34.64,11.66,0.32,29.44,13.46
0.9,34.64,11.17,0.31,31.18,14.03
0.95,34.64,10.68,0.3,32.91,14.57
1.0,34.64,10.19,0.29,34.64,15.1
1.05,34.64,9.7,0.27,36.37,15.59
1.1,34.64,9.21,0.26,38.11,16.07
1.15,34.64,8.72,0.25,39.84,16.52
1.2,34.64,8.23,0.23,41.57,16.94
1.25,34.64,7.74,0.22,43.3,17.34
1.3,34.64,7.25,0.21,45.03,17.71
1.35,34.64,6.76,0.19,46.77,18.06
1.4,34.64,6.27,0.18,48.5,18.39
1.45,34.64,5.78,0.17,50.23,18.69
1.5,34.64,5.29,0.15,51.96,18.97
1.55,34.64,4.8,0.14,53.69,19.22
1.6,34.64,4.31,0.12,55.43,19.45
1.65,34.64,3.82,0.11,57.16,19.65
1.7,34.64,3.33,0.1,58.89,19.83
1.75,34.64,2.84,0.08,60.62,19.98
1.8,34.64,2.35,0.07,62.35,20.11
1.85,34.64,1.86,0.05,64.09,20.22
1.9,34.64,1.37,0.04,65.82,20.3
1.95,34.64,0.88,0.03,67.55,20.36
2.0,34.64,0.39,0.01,69.28,20.39
2.05,34.64,-0.1,-0.0,71.01,20.39
2.1,34.64,-0.59,-0.02,72.75,20.38
2.15,34.64,-1.08,-0.03,74.48,20.33
2.2,34.64,-1.57,-0.05,76.21,20.27
2.25,34.64,-2.06,-0.06,77.94,20.18
2.3,34.64,-2.56,-0.07,79.67,20.06
2.35,34.64,-3.05,-0.09,81.41,19.92
2.4,34.64,-3.54,-0.1,83.14,19.76
2.45,34.64,-4.03,-0.12,84.87,19.57
2.5,34.64,-4.52,-0.13,86.6,19.35
2.55,34.64,-5.01,-0.14,88.33,19.12
2.6,34.64,-5.5,-0.16,90.07,18.85
2.65,34.64,-5.99,-0.17,91.8,18.57
2.7,34.64,-6.48,-0.18,93.53,18.25
2.75,34.64,-6.97,-0.2,95.26,17.92
2.8,34.64,-7.46,-0.21,96.99,17.56
2.85,34.64,-7.95,-0.23,98.73,17.17
2.9,34.64,-8.44,-0.24,100.46,16.76
2.95,34.64,-8.93,-0.25,102.19,16.33
3.0,34.64,-9.42,-0.27,103.92,15.87
3.05,34.64,-9.91,-0.28,105.66,15.39
3.1,34.64,-10.4,-0.29,107.39,14.88
3.15,34.64,-10.89,-0.3,109.12,14.35
3.2,34.64,-11.38,-0.32,110.85,13.79
3.25,34.64,-11.87,-0.33,112.58,13.21
3.3,34.64,-12.36,-0.34,114.32,12.6
3.35,34.64,-12.85,-0.36,116.05,11.97
3.4,34.64,-13.34,-0.37,117.78,11.32
3.45,34.64,-13.83,-0.38,119.51,10.64
3.5,34.64,-14.32,-0.39,121.24,9.93
3.55,34.64,-14.81,-0.4,122.98,9.21
3.6,34.64,-15.3,-0.42,124.71,8.45
3.65,34.64,-15.79,-0.43,126.44,7.68
3.7,34.64,-16.28,-0.44,128.17,6.87
3.75,34.64,-16.77,-0.45,129.9,6.05
3.8,34.64,-17.27,-0.46,131.64,5.2
3.85,34.64,-17.76,-0.47,133.37,4.32
3.9,34.64,-18.25,-0.48,135.1,3.42
3.95,34.64,-18.74,-0.5,136.83,2.5
4.0,34.64,-19.23,-0.51,138.56,1.55
4.05,34.64,-19.72,-0.52,140.3,0.57
4.1,34.64,-20.21,-0.53,142.03,-0.42
0,28.28,28.28,0.79,0.0,0.0
0.05,28.28,27.79,0.78,1.41,1.4
0.1,28.28,27.3,0.77,2.83,2.78
0.15,28.28,26.81,0.76,4.24,4.13
0.2,28.28,26.32,0.75,5.66,5.46
0.25,28.28,25.83,0.74,7.07,6.76
0.3,28.28,25.34,0.73,8.49,8.04
0.35,28.28,24.85,0.72,9.9,9.3
0.4,28.28,24.36,0.71,11.31,10.53
0.45,28.28,23.87,0.7,12.73,11.73
0.5,28.28,23.38,0.69,14.14,12.92
0.55,28.28,22.89,0.68,15.56,14.07
0.6,28.28,22.4,0.67,16.97,15.21
0.65,28.28,21.91,0.66,18.38,16.31
0.7,28.28,21.42,0.65,19.8,17.4
0.75,28.28,20.93,0.64,21.21,18.46
0.8,28.28,20.44,0.63,22.63,19.49
0.85,28.28,19.95,0.61,24.04,20.5
0.9,28.28,19.46,0.6,25.46,21.48
0.95,28.28,18.97,0.59,26.87,22.44
1.0,28.28,18.48,0.58,28.28,23.38
1.05,28.28,17.99,0.57,29.7,24.29
1.1,28.28,17.5,0.55,31.11,25.18
1.15,28.28,17.01,0.54,32.53,26.04
1.2,28.28,16.52,0.53,33.94,26.88
1.25,28.28,16.03,0.52,35.36,27.69
1.3,28.28,15.54,0.5,36.77,28.48
1.35,28.28,15.05,0.49,38.18,29.25
1.4,28.28,14.55,0.48,39.6,29.99
1.45,28.28,14.06,0.46,41.01,30.7
1.5,28.28,13.57,0.45,42.43,31.39
1.55,28.28,13.08,0.43,43.84,32.06
1.6,28.28,12.59,0.42,45.25,32.7
1.65,28.28,12.1,0.4,46.67,33.32
1.7,28.28,11.61,0.39,48.08,33.91
1.75,28.28,11.12,0.37,49.5,34.48
1.8,28.28,10.63,0.36,50.91,35.02
1.85,28.28,10.14,0.34,52.33,35.54
1.9,28.28,9.65,0.33,53.74,36.04
1.95,28.28,9.16,0.31,55.15,36.51
2.0,28.28,8.67,0.3,56.57,36.96
2.05,28.28,8.18,0.28,57.98,37.38
2.1,28.28,7.69,0.27,59.4,37.77
2.15,28.28,7.2,0.25,60.81,38.15
2.2,28.28,6.71,0.23,62.23,38.49
2.25,28.28,6.22,0.22,63.64,38.82
2.3,28.28,5.73,0.2,65.05,39.12
2.35,28.28,5.24,0.18,66.47,39.39
2.4,28.28,4.75,0.17,67.88,39.64
2.45,28.28,4.26,0.15,69.3,39.86
2.5,28.28,3.77,0.13,70.71,40.06
2.55,28.28,3.28,0.12,72.12,40.24
2.6,28.28,2.79,0.1,73.54,40.39
2.65,28.28,2.3,0.08,74.95,40.52
2.7,28.28,1.81,0.06,76.37,40.62
2.75,28.28,1.32,0.05,77.78,40.7
2.8,28.28,0.83,0.03,79.2,40.75
2.85,28.28,0.34,0.01,80.61,40.78
2.9,28.28,-0.16,-0.01,82.02,40.79
2.95,28.28,-0.65,-0.02,83.44,40.77
3.0,28.28,-1.14,-0.04,84.85,40.72
3.05,28.28,-1.63,-0.06,86.27,40.65
3.1,28.28,-2.12,-0.07,87.68,40.56
3.15,28.28,-2.61,-0.09,89.1,40.44
3.2,28.28,-3.1,-0.11,90.51,40.3
3.25,28.28,-3.59,-0.13,91.92,40.13
3.3,28.28,-4.08,-0.14,93.34,39.94
3.35,28.28,-4.57,-0.16,94.75,39.72
3.4,28.28,-5.06,-0.18,96.17,39.48
3.45,28.28,-5.55,-0.19,97.58,39.22
3.5,28.28,-6.04,-0.21,98.99,38.93
3.55,28.28,-6.53,-0.23,100.41,38.62
3.6,28.28,-7.02,-0.24,101.82,38.28
3.65,28.28,-7.51,-0.26,103.24,37.91
3.7,28.28,-8.0,-0.28,104.65,37.53
3.75,28.28,-8.49,-0.29,106.07,37.11
3.8,28.28,-8.98,-0.31,107.48,36.68
3.85,28.28,-9.47,-0.32,108.89,36.21
3.9,28.28,-9.96,-0.34,110.31,35.73
3.95,28.28,-10.45,-0.35,111.72,35.22
4.0,28.28,-10.94,-0.37,113.14,34.68
4.05,28.28,-11.43,-0.38,114.55,34.12
4.1,28.28,-11.92,-0.4,115.97,33.54
4.15,28.28,-12.41,-0.41,117.38,32.93
4.2,28.28,-12.9,-0.43,118.79,32.3
4.25,28.28,-13.39,-0.44,120.21,31.64
4.3,28.28,-13.88,-0.46,121.62,30.96
4.35,28.28,-14.37,-0.47,123.04,30.25
4.4,28.28,-14.86,-0.48,124.45,29.52
4.45,28.28,-15.36,-0.5,125.87,28.77
4.5,28.28,-15.85,-0.51,127.28,27.99
4.55,28.28,-16.34,-0.52,128.69,27.18
4.6,28.28,-16.83,-0.54,130.11,26.35
4.65,28.28,-17.32,-0.55,131.52,25.5
4.7,28.28,-17.81,-0.56,132.94,24.62
4.75,28.28,-18.3,-0.57,134.35,23.72
4.8,28.28,-18.79,-0.59,135.76,22.79
4.85,28.28,-19.28,-0.6,137.18,21.84
4.9,28.28,-19.77,-0.61,138.59,20.86
4.95,28.28,-20.26,-0.62,140.01,19.86
5.0,28.28,-20.75,-0.63,141.42,18.84
5.05,28.28,-21.24,-0.64,142.84,17.79
5.1,28.28,-21.73,-0.66,144.25,16.71
5.15,28.28,-22.22,-0.67,145.66,15.62
5.2,28.28,-22.71,-0.68,147.08,14.49
5.25,28.28,-23.2,-0.69,148.49,13.34
5.3,28.28,-23.69,-0.7,149.91,12.17
5.35,28.28,-24.18,-0.71,151.32,10.98
5.4,28.28,-24.67,-0.72,152.74,9.75
5.45,28.28,-25.16,-0.73,154.15,8.51
5.5,28.28,-25.65,-0.74,155.56,7.24
5.55,28.28,-26.14,-0.75,156.98,5.94
5.6,28.28,-26.63,-0.76,158.39,4.62
5.65,28.28,-27.12,-0.76,159.81,3.28
5.7,28.28,-27.61,-0.77,161.22,1.91
5.75,28.28,-28.1,-0.78,162.63,0.52
5.8,28.28,-28.59,-0.79,164.05,-0.9
0,20.0,34.64,1.05,0.0,0.0
0.05,20.0,34.15,1.04,1.0,1.72
0.1,20.0,33.66,1.03,2.0,3.42
0.15,20.0,33.17,1.03,3.0,5.09
0.2,20.0,32.68,1.02,4.0,6.73
0.25,20.0,32.19,1.01,5.0,8.35
0.3,20.0,31.7,1.01,6.0,9.95
0.35,20.0,31.21,1.0,7.0,11.52
0.4,20.0,30.72,0.99,8.0,13.07
0.45,20.0,30.23,0.99,9.0,14.6
0.5,20.0,29.74,0.98,10.0,16.09
0.55,20.0,29.25,0.97,11.0,17.57
0.6,20.0,28.76,0.96,12.0,19.02
0.65,20.0,28.27,0.96,13.0,20.45
0.7,20.0,27.78,0.95,14.0,21.85
0.75,20.0,27.29,0.94,15.0,23.22
0.8,20.0,26.8,0.93,16.0,24.57
0.85,20.0,26.31,0.92,17.0,25.9
0.9,20.0,25.82,0.91,18.0,27.21
0.95,20.0,25.32,0.9,19.0,28.48
1.0,20.0,24.83,0.89,20.0,29.74
1.05,20.0,24.34,0.88,21.0,30.97
1.1,20.0,23.85,0.87,22.0,32.17
1.15,20.0,23.36,0.86,23.0,33.35
1.2,20.0,22.87,0.85,24.0,34.51
1.25,20.0,22.38,0.84,25.0,35.64
1.3,20.0,21.89,0.83,26.0,36.75
1.35,20.0,21.4,0.82,27.0,37.83
1.4,20.0,20.91,0.81,28.0,38.89
1.45,20.0,20.42,0.8,29.0,39.92
1.5,20.0,19.93,0.78,30.0,40.93
1.55,20.0,19.44,0.77,31.0,41.91
1.6,20.0,18.95,0.76,32.0,42.87
1.65,20.0,18.46,0.75,33.0,43.81
1.7,20.0,17.97,0.73,34.0,44.72
1.75,20.0,17.48,0.72,35.0,45.61
1.8,20.0,16.99,0.7,36.0,46.47
1.85,20.0,16.5,0.69,37.0,47.3
1.9,20.0,16.01,0.67,38.0,48.12
1.95,20.0,15.52,0.66,39.0,48.91
2.0,20.0,15.03,0.64,40.0,49.67
2.05,20.0,14.54,0.63,41.0,50.41
2.1,20.0,14.05,0.61,42.0,51.12
2.15,20.0,13.56,0.6,43.0,51.81
2.2,20.0,13.07,0.58,44.0,52.48
2.25,20.0,12.58,0.56,45.0,53.12
2.3,20.0,12.09,0.54,46.0,53.74
2.35,20.0,11.6,0.53,47.0,54.33
2.4,20.0,11.11,0.51,48.0,54.9
2.45,20.0,10.61,0.49,49.0,55.44
2.5,20.0,10.12,0.47,50.0,55.96
2.55,20.0,9.63,0.45,51.0,56.45
2.6,20.0,9.14,0.43,52.0,56.92
2.65,20.0,8.65,0.41,53.0,57.37
2.7,20.0,8.16,0.39,54.0,57.79
2.75,20.0,7.67,0.37,55.0,58.18
2.8,20.0,7.18,0.34,56.0,58.55
2.85,20.0,6.69,0.32,57.0,58.9
2.9,20.0,6.2,0.3,58.0,59.22
2.95,20.0,5.71,0.28,59.0,59.52
3.0,20.0,5.22,0.26,60.0,59.79
3.05,20.0,4.73,0.23,61.0,60.04
3.1,20.0,4.24,0.21,62.0,60.27
3.15,20.0,3.75,0.19,63.0,60.47
3.2,20.0,3.26,0.16,64.0,60.64
3.25,20.0,2.77,0.14,65.0,60.79
3.3,20.0,2.28,0.11,66.0,60.92
3.35,20.0,1.79,0.09,67.0,61.02
3.4,20.0,1.3,0.06,68.0,61.1
3.45,20.0,0.81,0.04,69.0,61.15
3.5,20.0,0.32,0.02,70.0,61.18
3.55,20.0,-0.17,-0.01,71.0,61.18
3.6,20.0,-0.66,-0.03,72.0,61.16
3.65,20.0,-1.15,-0.06,73.0,61.12
3.7,20.0,-1.64,-0.08,74.0,61.05
3.75,20.0,-2.13,-0.11,75.0,60.95
3.8,20.0,-2.62,-0.13,76.0,60.83
3.85,20.0,-3.11,-0.15,77.0,60.69
3.9,20.0,-3.6,-0.18,78.0,60.52
3.95,20.0,-4.1,-0.2,79.0,60.33
4.0,20.0,-4.59,-0.23,80.0,60.11
4.05,20.0,-5.08,-0.25,81.0,59.87
4.1,20.0,-5.57,-0.27,82.0,59.6
4.15,20.0,-6.06,-0.29,83.0,59.31
4.2,20.0,-6.55,-0.32,84.0,59.0
4.25,20.0,-7.04,-0.34,85.0,58.66
4.3,20.0,-7.53,-0.36,86.0,58.29
4.35,20.0,-8.02,-0.38,87.0,57.91
4.4,20.0,-8.51,-0.4,88.0,57.49
4.45,20.0,-9.0,-0.42,89.0,57.05
4.5,20.0,-9.49,-0.44,90.0,56.59
4.55,20.0,-9.98,-0.46,91.0,56.11
4.6,20.0,-10.47,-0.48,92.0,55.59
4.65,20.0,-10.96,-0.5,93.0,55.06
4.7,20.0,-11.45,-0.52,94.0,54.5
4.75,20.0,-11.94,-0.54,95.0,53.91
4.8,20.0,-12.43,-0.56,96.0,53.3
4.85,20.0,-12.92,-0.57,97.0,52.67
4.9,20.0,-13.41,-0.59,98.0,52.01
4.95,20.0,-13.9,-0.61,99.0,51.33
5.0,20.0,-14.39,-0.62,100.0,50.62
5.05,20.0,-14.88,-0.64,101.0,49.89
5.1,20.0,-15.37,-0.66,102.0,49.13
5.15,20.0,-15.86,-0.67,103.0,48.35
5.2,20.0,-16.35,-0.69,104.0,47.55
5.25,20.0,-16.84,-0.7,105.0,46.72
5.3,20.0,-17.33,-0.71,106.0,45.86
5.35,20.0,-17.82,-0.73,107.0,44.98
5.4,20.0,-18.31,-0.74,108.0,44.08
5.45,20.0,-18.81,-0.75,109.0,43.15
5.5,20.0,-19.3,-0.77,110.0,42.2
5.55,20.0,-19.79,-0.78,111.0,41.22
5.6,20.0,-20.28,-0.79,112.0,40.22
5.65,20.0,-20.77,-0.8,113.0,39.2
5.7,20.0,-21.26,-0.82,114.0,38.14
5.75,20.0,-21.75,-0.83,115.0,37.07
5.8,20.0,-22.24,-0.84,116.0,35.97
5.85,20.0,-22.73,-0.85,117.0,34.85
5.9,20.0,-23.22,-0.86,118.0,33.7
5.95,20.0,-23.71,-0.87,119.0,32.52
6.0,20.0,-24.2,-0.88,120.0,31.33
6.05,20.0,-24.69,-0.89,121.0,30.1
6.1,20.0,-25.18,-0.9,122.0,28.86
6.15,20.0,-25.67,-0.91,123.0,27.59
6.2,20.0,-26.16,-0.92,124.0,26.29
6.25,20.0,-26.65,-0.93,125.0,24.97
6.3,20.0,-27.14,-0.94,126.0,23.63
6.35,20.0,-27.63,-0.94,127.0,22.26
6.4,20.0,-28.12,-0.95,128.0,20.86
6.45,20.0,-28.61,-0.96,129.0,19.44
6.5,20.0,-29.1,-0.97,130.0,18.0
6.55,20.0,-29.59,-0.98,131.0,16.53
6.6,20.0,-30.08,-0.98,132.0,15.04
6.65,20.0,-30.57,-0.99,133.0,13.53
6.7,20.0,-31.06,-1.0,134.0,11.98
6.75,20.0,-31.55,-1.01,135.0,10.42
6.8,20.0,-32.04,-1.01,136.0,8.83
6.85,20.0,-32.53,-1.02,137.0,7.21
6.9,20.0,-33.02,-1.03,138.0,5.58
6.95,20.0,-33.52,-1.03,139.0,3.91
7.0,20.0,-34.01,-1.04,140.0,2.22
7.05,20.0,-34.5,-1.05,141.0,0.51
7.1,20.0,-34.99,-1.05,142.0,-1.23
0,48.3,12.94,0.26,0.0,0.0
0.05,48.3,12.45,0.25,2.41,0.63
0.1,48.3,11.96,0.24,4.83,1.25
0.15,48.3,11.47,0.23,7.24,1.83
0.2,48.3,10.98,0.22,9.66,2.39
0.25,48.3,10.49,0.21,12.07,2.93
0.3,48.3,10.0,0.2,14.49,3.44
0.35,48.3,9.51,0.19,16.9,3.93
0.4,48.3,9.02,0.18,19.32,4.39
0.45,48.3,8.53,0.17,21.73,4.83
0.5,48.3,8.04,0.16,24.15,5.24
0.55,48.3,7.55,0.16,26.56,5.63
0.6,48.3,7.06,0.15,28.98,6.0
0.65,48.3,6.57,0.14,31.39,6.34
0.7,48.3,6.08,0.13,33.81,6.66
0.75,48.3,5.59,0.12,36.22,6.95
0.8,48.3,5.1,0.11,38.64,7.21
0.85,48.3,4.61,0.1,41.05,7.46
0.9,48.3,4.11,0.08,43.47,7.68
0.95,48.3,3.62,0.07,45.88,7.87
1.0,48.3,3.13,0.06,48.3,8.04
1.05,48.3,2.64,0.05,50.71,8.18
1.1,48.3,2.15,0.04,53.13,8.3
1.15,48.3,1.66,0.03,55.54,8.4
1.2,48.3,1.17,0.02,57.96,8.47
1.25,48.3,0.68,0.01,60.37,8.51
1.3,48.3,0.19,0.0,62.79,8.54
1.35,48.3,-0.3,-0.01,65.2,8.53
1.4,48.3,-0.79,-0.02,67.61,8.51
1.45,48.3,-1.28,-0.03,70.03,8.46
1.5,48.3,-1.77,-0.04,72.44,8.38
1.55,48.3,-2.26,-0.05,74.86,8.28
1.6,48.3,-2.75,-0.06,77.27,8.15
1.65,48.3,-3.24,-0.07,79.69,8.0
1.7,48.3,-3.73,-0.08,82.1,7.83
1.75,48.3,-4.22,-0.09,84.52,7.63
1.8,48.3,-4.71,-0.1,86.93,7.41
1.85,48.3,-5.2,-0.11,89.35,7.16
1.9,48.3,-5.69,-0.12,91.76,6.89
1.95,48.3,-6.18,-0.13,94.18,6.59
2.0,48.3,-6.67,-0.14,96.59,6.27
2.05,48.3,-7.16,-0.15,99.01,5.92
2.1,48.3,-7.65,-0.16,101.42,5.55
2.15,48.3,-8.14,-0.17,103.84,5.16
2.2,48.3,-8.63,-0.18,106.25,4.74
2.25,48.3,-9.12,-0.19,108.67,4.29
2.3,48.3,-9.61,-0.2,111.08,3.83
2.35,48.3,-10.1,-0.21,113.5,3.33
2.4,48.3,-10.6,-0.22,115.91,2.82
2.45,48.3,-11.09,-0.23,118.33,2.27
2.5,48.3,-11.58,-0.24,120.74,1.71
2.55,48.3,-12.07,-0.24,123.16,1.12
2.6,48.3,-12.56,-0.25,125.57,0.5
2.65,48.3,-13.05,-0.26,127.99,-0.14
0,43.3,25.0,0.52,0.0,0.0
0.05,43.3,24.51,0.52,2.17,1.24
0.1,43.3,24.02,0.51,4.33,2.45
0.15,43.3,23.53,0.5,6.5,3.64
0.2,43.3,23.04,0.49,8.66,4.8
0.25,43.3,22.55,0.48,10.83,5.94
0.3,43.3,22.06,0.47,12.99,7.06
0.35,43.3,21.57,0.46,15.16,8.15
0.4,43.3,21.08,0.45,17.32,9.22
0.45,43.3,20.59,0.44,19.49,10.26
0.5,43.3,20.1,0.43,21.65,11.27
0.55,43.3,19.61,0.43,23.82,12.27
0.6,43.3,19.12,0.42,25.98,13.23
0.65,43.3,18.63,0.41,28.15,14.18
0.7,43.3,18.14,0.4,30.31,15.1
0.75,43.3,17.65,0.39,32.48,15.99
0.8,43.3,17.15,0.38,34.64,16.86
0.85,43.3,16.66,0.37,36.81,17.71
0.9,43.3,16.17,0.36,38.97,18.53
0.95,43.3,15.68,0.35,41.14,19.32
1.0,43.3,15.19,0.34,43.3,20.1
1.05,43.3,14.7,0.33,45.47,20.84
1.1,43.3,14.21,0.32,47.63,21.57
1.15,43.3,13.72,0.31,49.8,22.27
1.2,43.3,13.23,0.3,51.96,22.94
1.25,43.3,12.74,0.29,54.13,23.59
1.3,43.3,12.25,0.28,56.29,24.21
1.35,43.3,11.76,0.27,58.46,24.81
1.4,43.3,11.27,0.25,60.62,25.39
1.45,43.3,10.78,0.24,62.79,25.94
1.5,43.3,10.29,0.23,64.95,26.47
1.55,43.3,9.8,0.22,67.12,26.97
1.6,43.3,9.31,0.21,69.28,27.45
1.65,43.3,8.82,0.2,71.45,27.9
1.7,43.3,8.33,0.19,73.61,28.33
1.75,43.3,7.84,0.18,75.78,28.73
1.8,43.3,7.35,0.17,77.94,29.11
1.85,43.3,6.86,0.16,80.11,29.47
1.9,43.3,6.37,0.15,82.27,29.8
1.95,43.3,5.88,0.13,84.44,30.11
2.0,43.3,5.39,0.12,86.6,30.39
2.05,43.3,4.9,0.11,88.77,30.64
2.1,43.3,4.41,0.1,90.93,30.88
2.15,43.3,3.92,0.09,93.1,31.08
2.2,43.3,3.43,0.08,95.26,31.27
2.25,43.3,2.94,0.07,97.43,31.43
2.3,43.3,2.44,0.06,99.59,31.56
2.35,43.3,1.95,0.05,101.76,31.67
2.4,43.3,1.46,0.03,103.92,31.76
2.45,43.3,0.97,0.02,106.09,31.82
2.5,43.3,0.48,0.01,108.25,31.85
2.55,43.3,-0.01,-0.0,110.42,31.87
2.6,43.3,-0.5,-0.01,112.58,31.85
2.65,43.3,-0.99,-0.02,114.75,31.82
2.7,43.3,-1.48,-0.03,116.91,31.75
2.75,43.3,-1.97,-0.05,119.08,31.67
2.8,43.3,-2.46,-0.06,121.24,31.56
2.85,43.3,-2.95,-0.07,123.41,31.42
2.9,43.3,-3.44,-0.08,125.57,31.26
2.95,43.3,-3.93,-0.09,127.74,31.08
3.0,43.3,-4.42,-0.1,129.9,30.87
3.05,43.3,-4.91,-0.11,132.07,30.64
3.1,43.3,-5.4,-0.12,134.23,30.38
3.15,43.3,-5.89,-0.14,136.4,30.1
3.2,43.3,-6.38,-0.15,138.56,29.79
3.25,43.3,-6.87,-0.16,140.73,29.46
3.3,43.3,-7.36,-0.17,142.89,29.1
3.35,43.3,-7.85,-0.18,145.06,28.72
3.4,43.3,-8.34,-0.19,147.22,28.32
3.45,43.3,-8.83,-0.2,149.39,27.89
3.5,43.3,-9.32,-0.21,151.55,27.43
3.55,43.3,-9.81,-0.22,153.72,26.96
3.6,43.3,-10.3,-0.23,155.88,26.45
3.65,43.3,-10.79,-0.24,158.05,25.93
3.7,43.3,-11.28,-0.25,160.21,25.37
3.75,43.3,-11.77,-0.27,162.38,24.8
3.8,43.3,-12.27,-0.28,164.54,24.2
3.85,43.3,-12.76,-0.29,166.71,23.57
3.9,43.3,-13.25,-0.3,168.87,22.92
3.95,43.3,-13.74,-0.31,171.04,22.25
4.0,43.3,-14.23,-0.32,173.21,21.55
4.05,43.3,-14.72,-0.33,175.37,20.82
4.1,43.3,-15.21,-0.34,177.54,20.08
4.15,43.3,-15.7,-0.35,179.7,19.3
4.2,43.3,-16.19,-0.36,181.87,18.51
4.25,43.3,-16.68,-0.37,184.03,17.68
4.3,43.3,-17.17,-0.38,186.2,16.84
4.35,43.3,-17.66,-0.39,188.36,15.97
4.4,43.3,-18.15,-0.4,190.53,15.07
4.45,43.3,-18.64,-0.41,192.69,14.15
4.5,43.3,-19.13,-0.42,194.86,13.21
4.55,43.3,-19.62,-0.43,197.02,12.24
4.6,43.3,-20.11,-0.43,199.19,11.25
4.65,43.3,-20.6,-0.44,201.35,10.23
4.7,43.3,-21.09,-0.45,203.52,9.19
4.75,43.3,-21.58,-0.46,205.68,8.12
4.8,43.3,-22.07,-0.47,207.85,7.03
4.85,43.3,-22.56,-0.48,210.01,5.91
4.9,43.3,-23.05,-0.49,212.18,4.77
4.95,43.3,-23.54,-0.5,214.34,3.61
5.0,43.3,-24.03,-0.51,216.51,2.42
5.05,43.3,-24.52,-0.52,218.67,1.2
5.1,43.3,-25.01,-0.52,220.84,-0.04
0,35.36,35.36,0.79,0.0,0.0
0.05,35.36,34.87,0.78,1.77,1.76
0.1,35.36,34.37,0.77,3.54,3.49
0.15,35.36,33.88,0.76,5.3,5.19
0.2,35.36,33.39,0.76,7.07,6.87
0.25,35.36,32.9,0.75,8.84,8.53
0.3,35.36,32.41,0.74,10.61,10.17
0.35,35.36,31.92,0.73,12.37,11.77
0.4,35.36,31.43,0.73,14.14,13.36
0.45,35.36,30.94,0.72,15.91,14.92
0.5,35.36,30.45,0.71,17.68,16.45
0.55,35.36,29.96,0.7,19.45,17.96
0.6,35.36,29.47,0.69,21.21,19.45
0.65,35.36,28.98,0.69,22.98,20.91
0.7,35.36,28.49,0.68,24.75,22.35
0.75,35.36,28.0,0.67,26.52,23.76
0.8,35.36,27.51,0.66,28.28,25.15
0.85,35.36,27.02,0.65,30.05,26.51
0.9,35.36,26.53,0.64,31.82,27.85
0.95,35.36,26.04,0.63,33.59,29.16
1.0,35.36,25.55,0.63,35.36,30.45
1.05,35.36,25.06,0.62,37.12,31.72
1.1,35.36,24.57,0.61,38.89,32.96
1.15,35.36,24.08,0.6,40.66,34.17
1.2,35.36,23.59,0.59,42.43,35.37
1.25,35.36,23.1,0.58,44.19,36.53
1.3,35.36,22.61,0.57,45.96,37.68
1.35,35.36,22.12,0.56,47.73,38.79
1.4,35.36,21.63,0.55,49.5,39.89
1.45,35.36,21.14,0.54,51.27,40.96
1.5,35.36,20.65,0.53,53.03,42.0
1.55,35.36,20.16,0.52,54.8,43.02
1.6,35.36,19.66,0.51,56.57,44.02
1.65,35.36,19.17,0.5,58.34,44.99
1.7,35.36,18.68,0.49,60.1,45.93
1.75,35.36,18.19,0.48,61.87,46.86
1.8,35.36,17.7,0.46,63.64,47.75
1.85,35.36,17.21,0.45,65.41,48.63
1.9,35.36,16.72,0.44,67.18,49.47
1.95,35.36,16.23,0.43,68.94,50.3
2.0,35.36,15.74,0.42,70.71,51.1
2.05,35.36,15.25,0.41,72.48,51.87
2.1,35.36,14.76,0.4,74.25,52.62
2.15,35.36,14.27,0.38,76.01,53.35
2.2,35.36,13.78,0.37,77.78,54.05
2.25,35.36,13.29,0.36,79.55,54.73
2.3,35.36,12.8,0.35,81.32,55.38
2.35,35.36,12.31,0.34,83.09,56.01
2.4,35.36,11.82,0.32,84.85,56.61
2.45,35.36,11.33,0.31,86.62,57.19
2.5,35.36,10.84,0.3,88.39,57.74
2.55,35.36,10.35,0.28,90.16,58.27
2.6,35.36,9.86,0.27,91.92,58.78
2.65,35.36,9.37,0.26,93.69,59.26
2.7,35.36,8.88,0.25,95.46,59.71
2.75,35.36,8.39,0.23,97.23,60.15
2.8,35.36,7.9,0.22,98.99,60.55
2.85,35.36,7.41,0.21,100.76,60.94
2.9,35.36,6.92,0.19,102.53,61.29
2.95,35.36,6.43,0.18,104.3,61.63
3.0,35.36,5.94,0.17,106.07,61.94
3.05,35.36,5.45,0.15,107.83,62.22
3.1,35.36,4.95,0.14,109.6,62.48
3.15,35.36,4.46,0.13,111.37,62.72
3.2,35.36,3.97,0.11,113.14,62.93
3.25,35.36,3.48,0.1,114.9,63.11
3.3,35.36,2.99,0.08,116.67,63.28
3.35,35.36,2.5,0.07,118.44,63.41
3.4,35.36,2.01,0.06,120.21,63.53
3.45,35.36,1.52,0.04,121.98,63.61
3.5,35.36,1.03,0.03,123.74,63.68
3.55,35.36,0.54,0.02,125.51,63.72
3.6,35.36,0.05,0.0,127.28,63.73
3.65,35.36,-0.44,-0.01,129.05,63.72
3.7,35.36,-0.93,-0.03,130.81,63.69
3.75,35.36,-1.42,-0.04,132.58,63.63
3.8,35.36,-1.91,-0.05,134.35,63.55
3.85,35.36,-2.4,-0.07,136.12,63.44
3.9,35.36,-2.89,-0.08,137.89,63.31
3.95,35.36,-3.38,-0.1,139.65,63.15
4.0,35.36,-3.87,-0.11,141.42,62.97
4.05,35.36,-4.36,-0.12,143.19,62.76
4.1,35.36,-4.85,-0.14,144.96,62.53
4.15,35.36,-5.34,-0.15,146.72,62.28
4.2,35.36,-5.83,-0.16,148.49,62.0
4.25,35.36,-6.32,-0.18,150.26,61.69
4.3,35.36,-6.81,-0.19,152.03,61.37
4.35,35.36,-7.3,-0.2,153.8,61.01
4.4,35.36,-7.79,-0.22,155.56,60.64
4.45,35.36,-8.28,-0.23,157.33,60.23
4.5,35.36,-8.77,-0.24,159.1,59.81
4.55,35.36,-9.26,-0.26,160.87,59.36
4.6,35.36,-9.76,-0.27,162.63,58.88
4.65,35.36,-10.25,-0.28,164.4,58.38
4.7,35.36,-10.74,-0.29,166.17,57.86
4.75,35.36,-11.23,-0.31,167.94,57.31
4.8,35.36,-11.72,-0.32,169.71,56.73
4.85,35.36,-12.21,-0.33,171.47,56.13
4.9,35.36,-12.7,-0.34,173.24,55.51
4.95,35.36,-13.19,-0.36,175.01,54.87
5.0,35.36,-13.68,-0.37,176.78,54.19
5.05,35.36,-14.17,-0.38,178.54,53.5
5.1,35.36,-14.66,-0.39,180.31,52.78
5.15,35.36,-15.15,-0.4,182.08,52.03
5.2,35.36,-15.64,-0.42,183.85,51.26
5.25,35.36,-16.13,-0.43,185.62,50.47
5.3,35.36,-16.62,-0.44,187.38,49.65
5.35,35.36,-17.11,-0.45,189.15,48.81
5.4,35.36,-17.6,-0.46,190.92,47.94
5.45,35.36,-18.09,-0.47,192.69,47.05
5.5,35.36,-18.58,-0.48,194.45,46.13
5.55,35.36,-19.07,-0.49,196.22,45.19
5.6,35.36,-19.56,-0.51,197.99,44.22
5.65,35.36,-20.05,-0.52,199.76,43.23
5.7,35.36,-20.54,-0.53,201.53,42.22
5.75,35.36,-21.03,-0.54,203.29,41.18
5.8,35.36,-21.52,-0.55,205.06,40.11
5.85,35.36,-22.01,-0.56,206.83,39.02
5.9,35.36,-22.5,-0.57,208.6,37.91
5.95,35.36,-22.99,-0.58,210.36,36.77
6.0,35.36,-23.48,-0.59,212.13,35.61
6.05,35.36,-23.97,-0.6,213.9,34.43
6.1,35.36,-24.47,-0.61,215.67,33.21
6.15,35.36,-24.96,-0.61,217.44,31.98
6.2,35.36,-25.45,-0.62,219.2,30.72
6.25,35.36,-25.94,-0.63,220.97,29.43
6.3,35.36,-26.43,-0.64,222.74,28.13
6.35,35.36,-26.92,-0.65,224.51,26.79
6.4,35.36,-27.41,-0.66,226.27,25.43
6.45,35.36,-27.9,-0.67,228.04,24.05
6.5,35.36,-28.39,-0.68,229.81,22.64
6.55,35.36,-28.88,-0.68,231.58,21.21
6.6,35.36,-29.37,-0.69,233.35,19.76
6.65,35.36,-29.86,-0.7,235.11,18.28
6.7,35.36,-30.35,-0.71,236.88,16.77
6.75,35.36,-30.84,-0.72,238.65,15.24
6.8,35.36,-31.33,-0.73,240.42,13.69
6.85,35.36,-31.82,-0.73,242.18,12.11
6.9,35.36,-32.31,-0.74,243.95,10.5
6.95,35.36,-32.8,-0.75,245.72,8.88
7.0,35.36,-33.29,-0.76,247.49,7.22
7.05,35.36,-33.78,-0.76,249.26,5.55
7.1,35.36,-34.27,-0.77,251.02,3.85
7.15,35.36,-34.76,-0.78,252.79,2.12
7.2,35.36,-35.25,-0.78,254.56,0.37
7.25,35.36,-35.74,-0.79,256.33,-1.4
0,25.0,43.3,1.05,0.0,0.0
0.05,25.0,42.81,1.04,1.25,2.15
0.1,25.0,42.32,1.04,2.5,4.28
0.15,25.0,41.83,1.03,3.75,6.38
0.2,25.0,41.34,1.03,5.0,8.46
0.25,25.0,40.85,1.02,6.25,10.52
0.3,25.0,40.36,1.02,7.5,12.55
0.35,25.0,39.87,1.01,8.75,14.55
0.4,25.0,39.38,1.01,10.0,16.54
0.45,25.0,38.89,1.0,11.25,18.49
0.5,25.0,38.4,0.99,12.5,20.42
0.55,25.0,37.91,0.99,13.75,22.33
0.6,25.0,37.42,0.98,15.0,24.22
0.65,25.0,36.93,0.98,16.25,26.07
0.7,25.0,36.44,0.97,17.5,27.91
0.75,25.0,35.95,0.96,18.75,29.72
0.8,25.0,35.46,0.96,20.0,31.5
0.85,25.0,34.97,0.95,21.25,33.26
0.9,25.0,34.48,0.94,22.5,35.0
0.95,25.0,33.98,0.94,23.75,36.71
1.0,25.0,33.49,0.93,25.0,38.4
1.05,25.0,33.0,0.92,26.25,40.06
1.1,25.0,32.51,0.92,27.5,41.7
1.15,25.0,32.02,0.91,28.75,43.31
1.2,25.0,31.53,0.9,30.0,44.9
1.25,25.0,31.04,0.89,31.25,46.47
1.3,25.0,30.55,0.89,32.5,48.01
1.35,25.0,30.06,0.88,33.75,49.52
1.4,25.0,29.57,0.87,35.0,51.01
1.45,25.0,29.08,0.86,36.25,52.48
1.5,25.0,28.59,0.85,37.5,53.92
1.55,25.0,28.1,0.84,38.75,55.34
1.6,25.0,27.61,0.83,40.0,56.73
1.65,25.0,27.12,0.83,41.25,58.1
1.7,25.0,26.63,0.82,42.5,59.44
1.75,25.0,26.14,0.81,43.75,60.76
1.8,25.0,25.65,0.8,45.0,62.06
1.85,25.0,25.16,0.79,46.25,63.33
1.9,25.0,24.67,0.78,47.5,64.57
1.95,25.0,24.18,0.77,48.75,65.79
2.0,25.0,23.69,0.76,50.0,66.99
2.05,25.0,23.2,0.75,51.25,68.16
2.1,25.0,22.71,0.74,52.5,69.31
2.15,25.0,22.22,0.73,53.75,70.43
2.2,25.0,21.73,0.72,55.0,71.53
2.25,25.0,21.24,0.7,56.25,72.6
2.3,25.0,20.75,0.69,57.5,73.65
2.35,25.0,20.26,0.68,58.75,74.68
2.4,25.0,19.77,0.67,60.0,75.68
2.45,25.0,19.27,0.66,61.25,76.66
2.5,25.0,18.78,0.64,62.5,77.61
2.55,25.0,18.29,0.63,63.75,78.53
2.6,25.0,17.8,0.62,65.0,79.44
2.65,25.0,17.31,0.61,66.25,80.31
2.7,25.0,16.82,0.59,67.5,81.17
2.75,25.0,16.33,0.58,68.75,82.0
2.8,25.0,15.84,0.56,70.0,82.8
2.85,25.0,15.35,0.55,71.25,83.58
2.9,25.0,14.86,0.54,72.5,84.34
2.95,25.0,14.37,0.52,73.75,85.07
3.0,25.0,13.88,0.51,75.0,85.77
3.05,25.0,13.39,0.49,76.25,86.46
3.1,25.0,12.9,0.48,77.5,87.11
3.15,25.0,12.41,0.46,78.75,87.75
3.2,25.0,11.92,0.44,80.0,88.35
3.25,25.0,11.43,0.43,81.25,88.94
3.3,25.0,10.94,0.41,82.5,89.5
3.35,25.0,10.45,0.4,83.75,90.03
3.4,25.0,9.96,0.38,85.0,90.54
3.45,25.0,9.47,0.36,86.25,91.03
3.5,25.0,8.98,0.34,87.5,91.49
3.55,25.0,8.49,0.33,88.75,91.93
3.6,25.0,8.0,0.31,90.0,92.34
3.65,25.0,7.51,0.29,91.25,92.73
3.7,25.0,7.02,0.27,92.5,93.09
3.75,25.0,6.53,0.26,93.75,93.43
3.8,25.0,6.04,0.24,95.0,93.74
3.85,25.0,5.55,0.22,96.25,94.03
3.9,25.0,5.06,0.2,97.5,94.3
3.95,25.0,4.57,0.18,98.75,94.54
4.0,25.0,4.07,0.16,100.0,94.75
4.05,25.0,3.58,0.14,101.25,94.94
4.1,25.0,3.09,0.12,102.5,95.11
4.15,25.0,2.6,0.1,103.75,95.25
4.2,25.0,2.11,0.08,105.0,95.37
4.25,25.0,1.62,0.06,106.25,95.46
4.3,25.0,1.13,0.05,107.5,95.53
4.35,25.0,0.64,0.03,108.75,95.58
4.4,25.0,0.15,0.01,110.0,95.6
4.45,25.0,-0.34,-0.01,111.25,95.59
4.5,25.0,-0.83,-0.03,112.5,95.56
4.55,25.0,-1.32,-0.05,113.75,95.51
4.6,25.0,-1.81,-0.07,115.0,95.43
4.65,25.0,-2.3,-0.09,116.25,95.33
4.7,25.0,-2.79,-0.11,117.5,95.2
4.75,25.0,-3.28,-0.13,118.75,95.05
4.8,25.0,-3.77,-0.15,120.0,94.87
4.85,25.0,-4.26,-0.17,121.25,94.67
4.9,25.0,-4.75,-0.19,122.5,94.45
4.95,25.0,-5.24,-0.21,123.75,94.2
5.0,25.0,-5.73,-0.23,125.0,93.92
5.05,25.0,-6.22,-0.24,126.25,93.62
5.1,25.0,-6.71,-0.26,127.5,93.3
5.15,25.0,-7.2,-0.28,128.75,92.95
5.2,25.0,-7.69,-0.3,130.0,92.58
5.25,25.0,-8.18,-0.32,131.25,92.18
5.3,25.0,-8.67,-0.33,132.5,91.76
5.35,25.0,-9.16,-0.35,133.75,91.32
5.4,25.0,-9.65,-0.37,135.0,90.85
5.45,25.0,-10.14,-0.39,136.25,90.35
5.5,25.0,-10.64,-0.4,137.5,89.83
5.55,25.0,-11.13,-0.42,138.75,89.29
5.6,25.0,-11.62,-0.43,140.0,88.72
5.65,25.0,-12.11,-0.45,141.25,88.13
5.7,25.0,-12.6,-0.47,142.5,87.51
5.75,25.0,-13.09,-0.48,143.75,86.87
5.8,25.0,-13.58,-0.5,145.0,86.2
5.85,25.0,-14.07,-0.51,146.25,85.51
5.9,25.0,-14.56,-0.53,147.5,84.79
5.95,25.0,-15.05,-0.54,148.75,84.05
6.0,25.0,-15.54,-0.56,150.0,83.29
6.05,25.0,-16.03,-0.57,151.25,82.5
6.1,25.0,-16.52,-0.58,152.5,81.69
6.15,25.0,-17.01,-0.6,153.75,80.85
6.2,25.0,-17.5,-0.61,155.0,79.98
6.25,25.0,-17.99,-0.62,156.25,79.1
6.3,25.0,-18.48,-0.64,157.5,78.19
6.35,25.0,-18.97,-0.65,158.75,77.25
6.4,25.0,-19.46,-0.66,160.0,76.29
6.45,25.0,-19.95,-0.67,161.25,75.3
6.5,25.0,-20.44,-0.69,162.5,74.29
6.55,25.0,-20.93,-0.7,163.75,73.26
6.6,25.0,-21.42,-0.71,165.0,72.2
6.65,25.0,-21.91,-0.72,166.25,71.12
6.7,25.0,-22.4,-0.73,167.5,70.01
6.75,25.0,-22.89,-0.74,168.75,68.88
6.8,25.0,-23.38,-0.75,170.0,67.72
6.85,25.0,-23.87,-0.76,171.25,66.54
6.9,25.0,-24.36,-0.77,172.5,65.33
6.95,25.0,-24.85,-0.78,173.75,64.1
7.0,25.0,-25.35,-0.79,175.0,62.85
7.05,25.0,-25.84,-0.8,176.25,61.57
7.1,25.0,-26.33,-0.81,177.5,60.26
7.15,25.0,-26.82,-0.82,178.75,58.93
7.2,25.0,-27.31,-0.83,180.0,57.58
7.25,25.0,-27.8,-0.84,181.25,56.2
7.3,25.0,-28.29,-0.85,182.5,54.8
7.35,25.0,-28.78,-0.86,183.75,53.37
7.4,25.0,-29.27,-0.86,185.0,51.92
7.45,25.0,-29.76,-0.87,186.25,50.45
7.5,25.0,-30.25,-0.88,187.5,48.95
7.55,25.0,-30.74,-0.89,188.75,47.42
7.6,25.0,-31.23,-0.9,190.0,45.87
7.65,25.0,-31.72,-0.9,191.25,44.3
7.7,25.0,-32.21,-0.91,192.5,42.7
7.75,25.0,-32.7,-0.92,193.75,41.08
7.8,25.0,-33.19,-0.93,195.0,39.43
7.85,25.0,-33.68,-0.93,196.25,37.76
7.9,25.0,-34.17,-0.94,197.5,36.06
7.95,25.0,-34.66,-0.95,198.75,34.34
8.0,25.0,-35.15,-0.95,200.0,32.6
8.05,25.0,-35.64,-0.96,201.25,30.83
8.1,25.0,-36.13,-0.97,202.5,29.03
8.15,25.0,-36.62,-0.97,203.75,27.21
8.2,25.0,-37.11,-0.98,205.0,25.37
8.25,25.0,-37.6,-0.98,206.25,23.5
8.3,25.0,-38.09,-0.99,207.5,21.61
8.35,25.0,-38.58,-1.0,208.75,19.69
8.4,25.0,-39.07,-1.0,210.0,17.75
8.45,25.0,-39.56,-1.01,211.25,15.79
8.5,25.0,-40.06,-1.01,212.5,13.8
8.55,25.0,-40.55,-1.02,213.75,11.78
8.6,25.0,-41.04,-1.02,215.0,9.74
8.65,25.0,-41.53,-1.03,216.25,7.68
8.7,25.0,-42.02,-1.03,217.5,5.59
8.75,25.0,-42.51,-1.04,218.75,3.48
8.8,25.0,-43.0,-1.04,220.0,1.34
8.85,25.0,-43.49,-1.05,221.25,-0.82
